{"cameraMode":{"drawMode":0,"name":"Shaded","section":"Shading Mode"},"sceneLighting":true,"audioPlay":false,"sceneViewState":{"showFog":false,"showMaterialUpdate":false,"showSkybox":false,"showFlares":false,"showImageEffects":true,"showParticleSystems":true},"in2DMode":false,"pivot":{"x":-18.275299072265626,"y":-14.853726387023926,"z":-9.325602531433106},"rotation":{"x":-0.16722643375396729,"y":0.8046762943267822,"z":-0.2675550580024719,"w":-0.5029371380805969},"size":31.8267822265625,"orthographic":false}